,0
0,protostellar
1,protostellar
2,prestellar  
3,protostellar
4,protostellar
5,prestellar  
6,prestellar  
7,prestellar  
8,prestellar  
9,protostellar
10,protostellar
11,prestellar  
12,prestellar  
13,prestellar  
14,prestellar  
15,prestellar  
16,prestellar  
17,prestellar  
18,prestellar  
19,prestellar  
20,prestellar  
21,prestellar  
22,prestellar  
23,prestellar  
24,prestellar  
25,prestellar  
26,starless    
27,prestellar  
28,prestellar  
29,starless    
30,starless    
31,prestellar  
32,prestellar  
33,starless    
34,prestellar  
35,prestellar  
36,prestellar  
37,starless    
38,prestellar  
39,starless    
40,starless    
41,prestellar  
42,prestellar  
43,prestellar  
44,starless    
45,starless    
46,prestellar  
47,prestellar  
48,starless    
49,prestellar  
50,prestellar  
51,prestellar  
52,prestellar  
53,prestellar  
54,starless    
55,prestellar  
56,starless    
57,prestellar  
58,prestellar  
59,prestellar  
60,prestellar  
61,starless    
62,starless    
63,starless    
64,starless    
65,starless    
66,starless    
67,prestellar  
68,prestellar  
69,prestellar  
70,starless    
71,prestellar  
72,starless    
73,prestellar  
74,starless    
75,prestellar  
76,prestellar  
77,prestellar  
78,starless    
79,starless    
80,starless    
81,starless    
82,starless    
83,prestellar  
84,prestellar  
85,starless    
86,starless    
87,starless    
88,starless    
89,starless    
90,starless    
91,prestellar  
92,prestellar  
93,starless    
94,prestellar  
95,starless    
96,starless    
97,starless    
98,starless    
99,starless    
100,starless    
101,starless    
102,starless    
103,starless    
104,starless    
105,starless    
106,starless    
107,starless    
108,starless    
109,starless    
110,starless    
111,starless    
112,starless    
113,starless    
114,prestellar  
115,starless    
116,starless    
117,starless    
118,prestellar  
119,starless    
120,starless    
121,starless    
122,starless    
123,starless    
124,starless    
125,prestellar  
126,starless    
127,starless    
128,prestellar  
129,starless    
130,prestellar  
131,starless    
132,starless    
133,starless    
134,starless    
135,starless    
136,starless    
137,starless    
138,starless    
139,starless    
140,starless    
141,starless    
142,starless    
143,starless    
144,starless    
145,starless    
146,starless    
147,starless    
148,starless    
149,starless    
150,starless    
151,starless    
152,starless    
153,prestellar  
154,protostellar
155,protostellar
156,prestellar  
157,prestellar  
158,prestellar  
159,prestellar  
160,prestellar  
161,protostellar
162,prestellar  
163,prestellar  
164,starless    
165,prestellar  
166,starless    
167,prestellar  
168,prestellar  
169,prestellar  
170,prestellar  
171,prestellar  
172,prestellar  
173,prestellar  
174,prestellar  
175,prestellar  
176,starless    
177,prestellar  
178,starless    
179,starless    
180,prestellar  
181,prestellar  
182,protostellar
183,prestellar  
184,prestellar  
185,protostellar
186,protostellar
187,starless    
188,starless    
189,prestellar  
190,starless    
191,prestellar  
192,prestellar  
193,prestellar  
194,prestellar  
195,prestellar  
196,starless    
197,prestellar  
198,prestellar  
199,prestellar  
200,prestellar  
201,prestellar  
202,starless    
203,starless    
204,starless    
205,starless    
206,starless    
207,starless    
208,starless    
209,starless    
210,prestellar  
211,starless    
212,prestellar  
213,starless    
214,starless    
215,starless    
216,starless    
217,prestellar  
218,starless    
219,prestellar  
220,starless    
221,starless    
222,starless    
223,prestellar  
224,starless    
225,starless    
226,prestellar  
227,prestellar  
228,starless    
229,starless    
230,prestellar  
231,starless    
232,prestellar  
233,starless    
234,prestellar  
235,starless    
236,starless    
237,prestellar  
238,starless    
239,starless    
240,starless    
241,starless    
242,starless    
243,starless    
244,starless    
245,prestellar  
246,starless    
247,starless    
248,prestellar  
249,starless    
250,starless    
251,starless    
252,starless    
253,starless    
254,starless    
255,starless    
256,prestellar  
257,starless    
258,starless    
259,starless    
260,prestellar  
261,starless    
262,starless    
263,starless    
264,starless    
265,starless    
266,starless    
267,starless    
268,prestellar  
269,starless    
270,starless    
271,starless    
272,starless    
273,starless    
274,starless    
275,starless    
276,starless    
277,starless    
278,starless    
279,starless    
280,starless    
281,starless    
282,starless    
283,starless    
284,prestellar  
285,starless    
286,starless    
287,starless    
288,starless    
289,starless    
290,starless    
291,starless    
292,prestellar  
293,starless    
294,starless    
295,starless    
296,starless    
297,starless    
298,starless    
299,starless    
300,starless    
301,starless    
302,starless    
303,starless    
304,starless    
305,starless    
306,starless    
307,starless    
308,starless    
309,protostellar
310,prestellar  
311,prestellar  
312,prestellar  
313,prestellar  
314,prestellar  
315,prestellar  
316,prestellar  
317,prestellar  
318,prestellar  
319,prestellar  
320,prestellar  
321,prestellar  
322,prestellar  
323,prestellar  
324,prestellar  
325,prestellar  
326,prestellar  
327,prestellar  
328,prestellar  
329,prestellar  
330,prestellar  
331,prestellar  
332,prestellar  
333,prestellar  
334,prestellar  
335,prestellar  
336,prestellar  
337,starless    
338,prestellar  
339,prestellar  
340,prestellar  
341,prestellar  
342,prestellar  
343,prestellar  
344,prestellar  
345,prestellar  
346,prestellar  
347,prestellar  
348,prestellar  
349,prestellar  
350,starless    
351,prestellar  
352,starless    
353,prestellar  
354,prestellar  
355,starless    
356,starless    
357,starless    
358,protostellar
359,prestellar  
360,prestellar  
361,starless    
362,prestellar  
363,starless    
364,starless    
365,starless    
366,starless    
367,starless    
368,starless    
369,starless    
370,prestellar  
371,starless    
372,prestellar  
373,prestellar  
374,prestellar  
375,starless    
376,prestellar  
377,prestellar  
378,starless    
379,starless    
380,starless    
381,starless    
382,prestellar  
383,starless    
384,starless    
385,prestellar  
386,starless    
387,starless    
388,starless    
389,starless    
390,prestellar  
391,starless    
392,prestellar  
393,starless    
394,starless    
395,starless    
396,starless    
397,prestellar  
398,starless    
399,starless    
400,starless    
401,starless    
402,starless    
403,prestellar  
404,starless    
405,starless    
406,starless    
407,starless    
408,starless    
409,starless    
410,starless    
411,starless    
412,starless    
413,starless    
414,starless    
415,starless    
416,prestellar  
417,prestellar  
418,starless    
419,prestellar  
420,starless    
421,prestellar  
422,prestellar  
423,starless    
424,starless    
425,starless    
426,starless    
427,prestellar  
428,starless    
429,starless    
430,starless    
431,starless    
432,starless    
433,starless    
434,starless    
435,starless    
436,starless    
437,starless    
438,prestellar  
439,starless    
440,starless    
441,starless    
442,starless    
443,starless    
444,starless    
445,starless    
446,starless    
447,starless    
448,starless    
449,starless    
450,starless    
451,starless    
452,prestellar  
453,starless    
454,starless    
455,starless    
456,starless    
457,starless    
458,prestellar  
459,starless    
460,starless    
461,starless    
462,starless    
463,starless    
464,starless    
465,starless    
466,starless    
467,starless    
468,starless    
469,starless    
470,starless    
471,starless    
472,starless    
473,starless    
474,starless    
475,starless    
476,starless    
477,starless    
478,starless    
479,prestellar  
480,starless    
481,starless    
482,starless    
483,starless    
484,prestellar  
485,starless    
486,starless    
487,starless    
488,starless    
489,starless    
490,starless    
491,prestellar  
492,starless    
493,starless    
494,prestellar  
495,starless    
496,starless    
497,starless    
498,starless    
499,starless    
500,starless    
501,starless    
502,starless    
503,starless    
504,starless    
505,prestellar  
506,starless    
507,starless    
508,starless    
509,starless    
510,starless    
511,starless    
512,starless    
513,starless    
514,prestellar  
515,prestellar  
516,prestellar  
517,starless    
518,prestellar  
519,prestellar  
520,prestellar  
521,prestellar  
522,prestellar  
523,prestellar  
524,prestellar  
525,starless    
526,prestellar  
527,starless    
528,starless    
529,starless    
530,starless    
531,prestellar  
532,starless    
533,starless    
534,prestellar  
535,starless    
536,starless    
537,starless    
538,prestellar  
539,starless    
540,prestellar  
541,prestellar  
542,starless    
543,starless    
544,prestellar  
545,prestellar  
546,starless    
547,starless    
548,starless    
549,starless    
550,starless    
551,prestellar  
552,starless    
553,prestellar  
554,prestellar  
555,starless    
556,starless    
557,starless    
558,starless    
559,starless    
560,prestellar  
561,starless    
562,starless    
563,starless    
564,starless    
565,starless    
566,prestellar  
567,prestellar  
568,prestellar  
569,starless    
570,starless    
571,prestellar  
572,prestellar  
573,starless    
574,starless    
575,prestellar  
576,starless    
577,starless    
578,starless    
579,starless    
580,starless    
581,starless    
582,starless    
583,starless    
584,starless    
585,starless    
586,prestellar  
587,starless    
588,starless    
589,starless    
590,starless    
591,starless    
592,starless    
593,starless    
594,starless    
595,starless    
596,starless    
597,starless    
598,starless    
599,starless    
600,starless    
601,starless    
602,starless    
603,starless    
604,starless    
605,starless    
606,starless    
607,starless    
608,starless    
609,starless    
610,starless    
611,starless    
612,starless    
613,starless    
614,starless    
615,starless    
616,starless    
617,starless    
618,starless    
619,starless    
620,starless    
621,starless    
622,prestellar  
623,starless    
624,starless    
625,starless    
626,starless    
627,starless    
628,starless    
629,starless    
630,prestellar  
631,starless    
632,prestellar  
633,starless    
634,starless    
635,starless    
636,starless    
637,starless    
638,starless    
639,starless    
640,starless    
641,starless    
642,starless    
643,prestellar  
644,starless    
645,protostellar
646,protostellar
647,protostellar
648,protostellar
649,prestellar  
650,prestellar  
651,prestellar  
652,prestellar  
653,prestellar  
654,prestellar  
655,prestellar  
656,prestellar  
657,prestellar  
658,prestellar  
659,prestellar  
660,prestellar  
661,prestellar  
662,prestellar  
663,protostellar
664,prestellar  
665,prestellar  
666,prestellar  
667,prestellar  
668,prestellar  
669,prestellar  
670,prestellar  
671,prestellar  
672,prestellar  
673,prestellar  
674,prestellar  
675,protostellar
676,prestellar  
677,prestellar  
678,prestellar  
679,prestellar  
680,protostellar
681,prestellar  
682,prestellar  
683,protostellar
684,prestellar  
685,prestellar  
686,prestellar  
687,prestellar  
688,prestellar  
689,prestellar  
690,prestellar  
691,prestellar  
692,protostellar
693,prestellar  
694,prestellar  
695,prestellar  
696,prestellar  
697,starless    
698,prestellar  
699,prestellar  
700,prestellar  
701,prestellar  
702,prestellar  
703,prestellar  
704,prestellar  
705,prestellar  
706,prestellar  
707,prestellar  
708,prestellar  
709,prestellar  
710,prestellar  
711,prestellar  
712,prestellar  
713,prestellar  
714,starless    
715,starless    
716,prestellar  
717,protostellar
718,prestellar  
719,starless    
720,prestellar  
721,prestellar  
722,prestellar  
723,prestellar  
724,prestellar  
725,protostellar
726,prestellar  
727,prestellar  
728,prestellar  
729,starless    
730,prestellar  
731,prestellar  
732,starless    
733,starless    
734,starless    
735,starless    
736,starless    
737,prestellar  
738,prestellar  
739,prestellar  
740,starless    
741,starless    
742,starless    
743,prestellar  
744,starless    
745,prestellar  
746,prestellar  
747,starless    
748,starless    
749,prestellar  
750,prestellar  
751,starless    
752,starless    
753,prestellar  
754,starless    
755,prestellar  
756,starless    
757,starless    
758,starless    
759,prestellar  
760,starless    
761,starless    
762,starless    
763,starless    
764,starless    
765,starless    
766,starless    
767,starless    
768,starless    
769,prestellar  
770,starless    
771,starless    
772,starless    
773,starless    
774,prestellar  
775,starless    
776,starless    
777,starless    
778,starless    
779,starless    
780,starless    
781,prestellar  
782,starless    
783,starless    
784,starless    
785,starless    
786,starless    
787,starless    
788,starless    
789,prestellar  
790,starless    
791,starless    
792,starless    
793,starless    
794,starless    
795,starless    
796,starless    
797,starless    
798,starless    
799,starless    
800,starless    
801,starless    
802,starless    
803,starless    
804,starless    
805,starless    
806,starless    
807,starless    
808,starless    
809,starless    
810,starless    
811,starless    
812,starless    
813,starless    
814,starless    
815,starless    
816,starless    
817,starless    
818,starless    
819,starless    
820,starless    
821,starless    
822,starless    
823,starless    
824,starless    
825,starless    
826,starless    
827,starless    
828,starless    
829,starless    
830,starless    
831,starless    
832,starless
833,starless
834,protostellar
835,starless
836,starless
837,starless
838,protostellar
839,starless
840,protostellar
841,starless
842,starless
843,starless
844,protostellar
845,protostellar
846,starless
847,starless
848,protostellar
849,starless
850,starless
851,starless
852,starless
853,starless
854,starless
855,starless
856,protostellar
857,starless
858,starless
859,starless
860,starless
861,starless
862,starless
863,prestellar
864,starless
865,starless
866,prestellar
867,starless
868,starless
869,starless
870,starless
871,starless
872,prestellar
873,prestellar
874,starless
875,starless
876,prestellar
877,starless
878,prestellar
879,protostellar
880,prestellar
881,starless
882,starless
883,starless
884,prestellar
885,starless
886,prestellar
887,starless
888,starless
889,starless
890,starless
891,starless
892,starless
893,prestellar
894,starless
895,prestellar
896,starless
897,protostellar
898,starless
899,starless
900,prestellar
901,protostellar
902,starless
903,starless
904,starless
905,starless
906,prestellar
907,starless
908,starless
909,prestellar
910,prestellar
911,prestellar
912,protostellar
913,prestellar
914,starless
915,protostellar
916,starless
917,starless
918,prestellar
919,starless
920,protostellar
921,starless
922,prestellar
923,starless
924,prestellar
925,starless
926,starless
927,starless
928,starless
929,starless
930,starless
931,starless
932,starless
933,starless
934,starless
935,prestellar
936,starless
937,starless
938,prestellar
939,starless
940,starless
941,starless
942,prestellar
943,prestellar
944,starless
945,prestellar
946,starless
947,starless
948,starless
949,starless
950,starless
951,starless
952,protostellar
953,starless
954,starless
955,prestellar
956,starless
957,prestellar
958,starless
959,starless
960,prestellar
961,protostellar
962,prestellar
963,starless
964,starless
965,protostellar
966,starless
967,prestellar
968,starless
969,starless
970,prestellar
971,prestellar
972,protostellar
973,protostellar
974,starless
975,prestellar
976,starless
977,prestellar
978,starless
979,prestellar
980,starless
981,starless
982,prestellar
983,starless
984,starless
985,starless
986,prestellar
987,starless
988,starless
989,starless
990,prestellar
991,prestellar
992,starless
993,prestellar
994,starless
995,starless
996,prestellar
997,prestellar
998,prestellar
999,protostellar
1000,prestellar
1001,starless
1002,prestellar
1003,starless
1004,protostellar
1005,starless
1006,protostellar
1007,prestellar
1008,starless
1009,prestellar
1010,protostellar
1011,starless
1012,starless
1013,protostellar
1014,starless
1015,starless
1016,prestellar
1017,protostellar
1018,protostellar
1019,prestellar
1020,prestellar
1021,protostellar
1022,starless
1023,starless
1024,starless
1025,prestellar
1026,prestellar
1027,prestellar
1028,starless
1029,starless
1030,prestellar
1031,starless
1032,prestellar
1033,prestellar
1034,prestellar
1035,prestellar
1036,prestellar
1037,starless
1038,starless
1039,starless
1040,protostellar
1041,starless
1042,starless
1043,starless
1044,starless
1045,starless
1046,prestellar
1047,starless
1048,starless
1049,starless
1050,prestellar
1051,starless
1052,prestellar
1053,starless
1054,starless
1055,starless
1056,prestellar
1057,protostellar
1058,prestellar
1059,starless
1060,prestellar
1061,prestellar
1062,starless
1063,starless
1064,starless
1065,starless
1066,prestellar
1067,protostellar
1068,prestellar
1069,prestellar
1070,starless
1071,prestellar
1072,prestellar
1073,prestellar
1074,starless
1075,starless
1076,starless
1077,prestellar
1078,prestellar
1079,starless
1080,starless
1081,starless
1082,starless
1083,starless
1084,prestellar
1085,starless
1086,protostellar
1087,starless
1088,starless
1089,starless
1090,starless
1091,starless
1092,protostellar
1093,starless
1094,starless
1095,prestellar
1096,protostellar
1097,prestellar
1098,protostellar
1099,prestellar
1100,starless
1101,starless
1102,starless
1103,protostellar
1104,starless
1105,prestellar
1106,starless
1107,starless
1108,prestellar
1109,starless
1110,prestellar
1111,starless
1112,prestellar
1113,starless
1114,starless
1115,starless
1116,starless
1117,starless
1118,starless
1119,prestellar
1120,protostellar
1121,starless
1122,starless
1123,prestellar
1124,starless
1125,starless
1126,starless
1127,starless
1128,starless
1129,prestellar
1130,starless
1131,starless
1132,prestellar
1133,starless
1134,prestellar
1135,starless
1136,starless
1137,starless
1138,protostellar
1139,starless
1140,starless
1141,protostellar
1142,protostellar
1143,starless
1144,protostellar
1145,starless
1146,starless
1147,prestellar
1148,prestellar
1149,prestellar
1150,prestellar
1151,prestellar
1152,starless
1153,protostellar
1154,starless
1155,starless
1156,starless
1157,starless
1158,starless
1159,starless
1160,starless
1161,protostellar
1162,starless
1163,prestellar
1164,starless
1165,prestellar
1166,starless
1167,prestellar
1168,starless
1169,starless
1170,starless
1171,prestellar
1172,prestellar
1173,starless
1174,prestellar
1175,starless
1176,starless
1177,starless
1178,starless
1179,starless
1180,prestellar
1181,starless
1182,starless
1183,starless
1184,starless
1185,prestellar
1186,starless
1187,starless
1188,starless
1189,starless
1190,starless
1191,starless
1192,starless
1193,starless
1194,starless
1195,starless
1196,starless
1197,starless
1198,starless
1199,starless
1200,protostellar
1201,protostellar
1202,prestellar
1203,prestellar
1204,starless
1205,starless
1206,protostellar
1207,starless
1208,starless
1209,prestellar
1210,protostellar
1211,starless
1212,prestellar
1213,protostellar
1214,prestellar
1215,starless
1216,prestellar
1217,prestellar
1218,prestellar
1219,starless
1220,starless
1221,starless
1222,starless
1223,starless
1224,prestellar
1225,protostellar
1226,prestellar
1227,starless
1228,starless
1229,prestellar
1230,starless
1231,prestellar
1232,prestellar
1233,starless
1234,starless
1235,prestellar
1236,starless
1237,starless
1238,starless
1239,prestellar
1240,starless
1241,prestellar
1242,starless
1243,prestellar
1244,prestellar
1245,starless
1246,protostellar
1247,prestellar
1248,prestellar
1249,prestellar
1250,prestellar
1251,prestellar
1252,starless
1253,prestellar
1254,prestellar
1255,prestellar
1256,starless
1257,prestellar
1258,starless
1259,starless
1260,prestellar
1261,prestellar
1262,starless
1263,prestellar
1264,prestellar
1265,prestellar
1266,prestellar
1267,starless
1268,starless
1269,starless
1270,starless
1271,starless
1272,starless
1273,prestellar
1274,prestellar
1275,starless
1276,starless
1277,starless
1278,prestellar
1279,starless
1280,starless
1281,starless
1282,starless
1283,starless
1284,starless
1285,starless
1286,prestellar
1287,starless
1288,starless
1289,starless
1290,starless
1291,starless
1292,starless
1293,starless
1294,starless
1295,prestellar
1296,prestellar
1297,starless
1298,starless
1299,starless
1300,starless
1301,starless
1302,prestellar
1303,starless
1304,starless
1305,starless
1306,starless
1307,starless
1308,starless
1309,starless
1310,starless
1311,starless
1312,starless
1313,starless
1314,starless
1315,starless
1316,prestellar
1317,starless
1318,starless
1319,starless
1320,starless
1321,starless
1322,starless
1323,starless
1324,starless
1325,prestellar
1326,starless
1327,starless
1328,starless
1329,starless
1330,starless
1331,starless
1332,starless
1333,starless
1334,prestellar
1335,starless
1336,starless
1337,starless
1338,starless
1339,starless
1340,protostellar
1341,starless
1342,starless
1343,prestellar
1344,starless
1345,1
1346,1
1347,1
1348,1
1349,1
1350,1
1351,1
1352,1
1353,1
1354,1
1355,1
1356,1
1357,1
1358,1
1359,1
1360,1
1361,3
1362,1
1363,1
1364,1
1365,1
1366,1
1367,1
1368,1
1369,1
1370,1
1371,1
1372,1
1373,1
1374,1
1375,1
1376,1
1377,1
1378,1
1379,1
1380,1
1381,1
1382,1
1383,1
1384,1
1385,1
1386,1
1387,1
1388,1
1389,1
1390,1
1391,1
1392,1
1393,1
1394,1
1395,1
1396,1
1397,1
1398,1
1399,1
1400,1
1401,1
1402,1
1403,1
1404,1
1405,1
1406,1
1407,1
1408,1
1409,1
1410,1
1411,1
1412,1
1413,1
1414,1
1415,1
1416,1
1417,1
1418,1
1419,1
1420,2
1421,2
1422,1
1423,1
1424,1
1425,1
1426,2
1427,1
1428,2
1429,1
1430,2
1431,1
1432,1
1433,3
1434,1
1435,1
1436,1
1437,1
1438,2
1439,3
1440,1
1441,1
1442,1
1443,1
1444,1
1445,1
1446,1
1447,1
1448,1
1449,1
1450,1
1451,1
1452,1
1453,1
1454,1
1455,1
1456,1
1457,1
1458,1
1459,3
1460,4
1461,1
1462,1
1463,1
1464,3
1465,1
1466,1
1467,1
1468,1
1469,1
1470,1
1471,1
1472,1
1473,2
1474,1
1475,2
1476,1
1477,3
1478,2
1479,3
1480,1
1481,2
1482,1
1483,1
1484,2
1485,1
1486,1
1487,1
1488,1
1489,1
1490,1
1491,1
1492,1
1493,1
1494,1
1495,1
1496,1
1497,3
1498,1
1499,1
1500,1
1501,1
1502,1
1503,1
1504,1
1505,1
1506,1
1507,1
1508,1
1509,1
1510,1
1511,1
1512,1
1513,1
1514,1
1515,3
1516,1
1517,1
1518,1
1519,3
1520,4
1521,1
1522,2
1523,1
1524,1
1525,1
1526,1
1527,2
1528,1
1529,1
1530,1
1531,1
1532,1
1533,1
1534,1
1535,1
1536,1
1537,1
1538,1
1539,1
1540,1
1541,1
1542,1
1543,2
1544,1
1545,3
1546,1
1547,1
1548,1
1549,1
1550,3
1551,1
1552,1
1553,1
1554,1
1555,1
1556,2
1557,1
1558,1
1559,1
1560,1
1561,1
1562,1
1563,1
1564,1
1565,1
1566,3
1567,1
1568,1
1569,1
1570,1
1571,3
1572,1
1573,1
1574,1
1575,1
1576,1
1577,1
1578,1
1579,1
1580,3
1581,3
1582,1
1583,1
1584,1
1585,1
1586,1
1587,1
1588,1
1589,1
1590,1
1591,1
1592,1
1593,1
1594,1
1595,1
1596,1
1597,1
1598,1
1599,1
1600,1
1601,1
1602,1
1603,1
1604,1
1605,1
1606,2
1607,1
1608,1
1609,1
1610,1
1611,1
1612,1
1613,2
1614,1
1615,1
1616,1
1617,2
1618,1
1619,2
1620,1
1621,2
1622,1
1623,1
1624,2
1625,3
1626,1
1627,1
1628,1
1629,1
1630,1
1631,1
1632,2
1633,1
1634,1
1635,2
1636,1
1637,1
1638,1
1639,2
1640,3
1641,1
1642,1
1643,1
1644,1
1645,2
1646,1
1647,1
1648,1
1649,3
1650,1
1651,1
1652,2
1653,1
1654,1
1655,1
1656,1
1657,2
1658,1
1659,1
1660,1
1661,1
1662,2
1663,3
1664,1
1665,1
1666,1
1667,1
1668,1
1669,1
1670,1
1671,1
1672,1
1673,1
1674,1
1675,3
1676,1
1677,1
1678,2
1679,1
1680,1
1681,1
1682,3
1683,1
1684,1
1685,1
1686,1
1687,2
1688,2
1689,1
1690,1
1691,1
1692,2
1693,1
1694,3
1695,2
1696,1
1697,3
1698,1
1699,1
1700,3
1701,1
1702,2
1703,1
1704,1
1705,1
1706,1
1707,1
1708,3
1709,1
1710,1
1711,1
1712,3
1713,1
1714,1
1715,1
1716,1
1717,3
1718,1
1719,1
1720,1
1721,1
1722,1
1723,1
1724,1
1725,1
1726,1
1727,1
1728,1
1729,1
1730,2
1731,1
1732,3
1733,1
1734,1
1735,1
1736,1
1737,1
1738,1
1739,1
1740,1
1741,1
1742,1
1743,1
1744,1
1745,2
1746,1
1747,2
1748,1
1749,2
1750,1
1751,4
1752,1
1753,1
1754,2
1755,1
1756,2
1757,2
1758,1
1759,1
1760,1
1761,3
1762,1
1763,2
1764,2
1765,4
1766,4
1767,3
1768,1
1769,2
1770,1
1771,3
1772,1
1773,1
1774,1
1775,1
1776,1
1777,1
1778,1
1779,1
1780,3
1781,3
1782,1
1783,1
1784,1
1785,1
1786,1
1787,1
1788,1
1789,1
1790,1
1791,2
1792,1
1793,1
1794,1
1795,1
1796,1
1797,1
1798,2
1799,2
1800,1
1801,1
1802,1
1803,4
1804,4
1805,2
1806,1
1807,2
1808,1
1809,1
1810,1
1811,1
1812,1
1813,4
1814,1
1815,1
1816,1
1817,1
1818,1
1819,1
1820,1
1821,1
1822,1
1823,1
1824,1
1825,1
1826,1
1827,1
1828,1
1829,1
1830,1
1831,1
1832,3
1833,1
1834,1
1835,2
1836,1
1837,1
1838,1
1839,1
1840,4
1841,1
1842,1
1843,1
1844,1
1845,4
1846,1
1847,3
1848,1
1849,1
1850,3
1851,1
1852,2
1853,1
1854,1
1855,3
1856,2
1857,1
1858,1
1859,1
1860,1
1861,1
1862,1
1863,1
1864,1
1865,1
1866,1
1867,1
1868,1
1869,4
1870,1
1871,1
1872,1
1873,1
1874,1
1875,1
1876,1
1877,1
1878,1
1879,1
1880,1
1881, 
1882,--
1883,-1
1884,-1
1885, 1
1886, 4
1887, 3
1888, 1
1889, 3
1890, 3
1891, 3
1892, 4
1893, 3
1894, 1
1895, 3
1896, 2
1897, 1
1898, 1
1899, 2
1900, 2
1901, 2
1902, 4
1903, 2
1904, 3
1905, 3
1906, 3
1907, 3
1908, 3
1909, 1
1910, 1
1911, 1
1912, 3
1913, 3
1914, 1
1915, 3
1916, 2
1917, 3
1918, 4
1919,-1
1920, 2
1921, 3
1922, 2
1923, 4
1924, 4
1925, 3
1926, 2
1927, 2
1928, 1
1929, 2
1930, 4
1931, 2
1932, 2
1933, 1
1934, 3
1935, 3
1936, 1
1937, 1
1938, 3
1939, 2
1940, 1
1941, 2
1942, 3
1943, 3
1944, 3
1945, 2
1946, 1
1947, 3
1948, 2
1949, 3
1950, 3
1951, 3
1952, 3
1953,-1
1954,-1
1955, 3
1956, 1
1957, 3
1958, 3
1959, 3
1960, 3
1961,-1
1962,-1
1963, 3
1964,-1
1965, 3
1966, 3
1967, 3
1968, 1
1969, 3
1970, 1
1971, 3
1972, 1
1973, 3
1974, 1
1975, 1
1976, 3
1977, 3
1978, 4
1979, 2
1980,-1
1981, 1
1982, 2
1983, 1
1984, 4
1985, 3
1986, 3
1987, 1
1988, 3
1989, 3
1990, 3
1991, 4
1992, 3
1993, 3
1994, 1
1995, 1
1996, 1
1997, 1
1998, 1
1999, 3
2000, 1
2001, 3
2002, 3
2003, 3
2004, 3
2005, 3
2006, 3
2007, 3
2008, 3
2009, 2
2010,-1
2011, 1
2012, 2
2013, 3
2014, 3
2015,-1
2016, 3
2017, 3
2018, 3
2019, 3
2020, 4
2021, 1
2022, 3
2023,-1
2024, 1
2025, 3
2026,-1
2027,-1
2028,-1
2029,-1
2030,-1
2031, 1
2032, 4
2033, 2
2034,-1
2035, 4
2036,-1
2037,-1
2038, 1
2039,-1
2040, 1
2041,-1
2042, 1
2043,-1
2044, 1
2045, 1
2046, 3
2047, 1
2048,-1
2049, 1
2050,-1
2051,-1
2052,-1
2053, 3
2054, 1
2055, 1
2056, 1
2057, 1
2058,-1
2059,-1
2060, 1
2061,-1
2062, 1
2063,-1
2064,-1
2065,-1
2066, 1
2067,-1
2068,-1
2069, 1
2070, 3
2071, 3
2072, 3
2073,-1
2074, 1
2075,-1
2076, 1
2077, 3
2078, 3
2079, 1
2080,-1
2081, 1
2082, 1
2083, 1
2084, 2
2085, 3
2086, 1
2087,-1
2088, 1
2089,-1
2090,-1
2091,-1
2092,-1
2093, 1
2094,-1
2095,-1
2096,-1
2097,-1
2098,-1
2099,-1
2100,-1
2101,-1
2102, 4
2103,-1
2104,-1
2105, 1
2106,-1
2107,-1
2108,-1
2109, 1
2110, 3
2111, 1
2112, 1
2113, 1
2114,-1
2115, 3
2116,-1
2117, 1
2118,-1
2119,-1
2120,-1
2121,-1
2122,        starless
2123,        starless
2124,        starless
2125,        starless
2126,        starless
2127,        starless
2128,        starless
2129,        starless
2130,        starless
2131,        starless
2132,        starless
2133,        starless
2134,        starless
2135,        starless
2136,        starless
2137,        starless
2138,        starless
2139,        starless
2140,        starless
2141,        starless
2142,        starless
2143,        starless
2144,        starless
2145,        starless
2146,        starless
2147,        starless
2148,        starless
2149,        starless
2150,        starless
2151,        starless
2152,        starless
2153,        starless
2154,        starless
2155,        starless
2156,        starless
2157,        starless
2158,        starless
2159,        starless
2160,        starless
2161,        starless
2162,        starless
2163,        starless
2164,        starless
2165,        starless
2166,        starless
2167,        starless
2168,        starless
2169,        starless
2170,        starless
2171,        starless
2172,        starless
2173,        starless
2174,        starless
2175,        starless
2176,        starless
2177,        starless
2178,      prestellar
2179,        starless
2180,        starless
2181,        starless
2182,        starless
2183,        starless
2184,        starless
2185,        starless
2186,        starless
2187,        starless
2188,        starless
2189,        starless
2190,        starless
2191,        starless
2192,        starless
2193,        starless
2194,        starless
2195,        starless
2196,        starless
2197,        starless
2198,        starless
2199,        starless
2200,      prestellar
2201,      prestellar
2202,        starless
2203,        starless
2204,        starless
2205,        starless
2206,        starless
2207,        starless
2208,        starless
2209,        starless
2210,        starless
2211,        starless
2212,        starless
2213,        starless
2214,        starless
2215,        starless
2216,        starless
2217,        starless
2218,        starless
2219,        starless
2220,        starless
2221,        starless
2222,        starless
2223,        starless
2224,        starless
2225,        starless
2226,        starless
2227,        starless
2228,        starless
2229,        starless
2230,        starless
2231,        starless
2232,      prestellar
2233,        starless
2234,        starless
2235,        starless
2236,        starless
2237,        starless
2238,      prestellar
2239,        starless
2240,        starless
2241,        starless
2242,        starless
2243,      prestellar
2244,      prestellar
2245,        starless
2246,        starless
2247,        starless
2248,        starless
2249,        starless
2250,        starless
2251,      prestellar
2252,        starless
2253,        starless
2254,      prestellar
2255,        starless
2256,        starless
2257,        starless
2258,        starless
2259,        starless
2260,        starless
2261,        starless
2262,      prestellar
2263,        starless
2264,        starless
2265,        starless
2266,        starless
2267,        starless
2268,        starless
2269,        starless
2270,        starless
2271,      prestellar
2272,        starless
2273,        starless
2274,        starless
2275,        starless
2276,        starless
2277,        starless
2278,        starless
2279,        starless
2280,      prestellar
2281,        starless
2282,        starless
2283,        starless
2284,        starless
2285,        starless
2286,        starless
2287,        starless
2288,        starless
2289,        starless
2290,        starless
2291,        starless
2292,        starless
2293,        starless
2294,        starless
2295,        starless
2296,        starless
2297,      prestellar
2298,        starless
2299,        starless
2300,        starless
2301,        starless
2302,        starless
2303,      prestellar
2304,        starless
2305,        starless
2306,        starless
2307,        starless
2308,        starless
2309,        starless
2310,        starless
2311,        starless
2312,      prestellar
2313,        starless
2314,      prestellar
2315,        starless
2316,        starless
2317,      prestellar
2318,        starless
2319,        starless
2320,      prestellar
2321,      prestellar
2322,      prestellar
2323,        starless
2324,      prestellar
2325,        starless
2326,        starless
2327,      prestellar
2328,      prestellar
2329,        starless
2330,        starless
2331,        starless
2332,        starless
2333,        starless
2334,        starless
2335,      prestellar
2336,      prestellar
2337,        starless
2338,      prestellar
2339,        starless
2340,        starless
2341,        starless
2342,        starless
2343,        starless
2344,        starless
2345,        starless
2346,        starless
2347,        starless
2348,        starless
2349,      prestellar
2350,      prestellar
2351,        starless
2352,      prestellar
2353,        starless
2354,      prestellar
2355,        starless
2356,        starless
2357,      prestellar
2358,        starless
2359,        starless
2360,      prestellar
2361,        starless
2362,        starless
2363,      prestellar
2364,        starless
2365,        starless
2366,      prestellar
2367,        starless
2368,        starless
2369,      prestellar
2370,        starless
2371,      prestellar
2372,        starless
2373,        starless
2374,        starless
2375,      prestellar
2376,      prestellar
2377,      prestellar
2378,        starless
2379,        starless
2380,      prestellar
2381,        starless
2382,        starless
2383,        starless
2384,        starless
2385,        starless
2386,        starless
2387,        starless
2388,      prestellar
2389,        starless
2390,        starless
2391,      prestellar
2392,      prestellar
2393,        starless
2394,        starless
2395,        starless
2396,      prestellar
2397,        starless
2398,        starless
2399,        starless
2400,        starless
2401,      prestellar
2402,        starless
2403,      prestellar
2404,        starless
2405,        starless
2406,        starless
2407,        starless
2408,        starless
2409,      prestellar
2410,      prestellar
2411,        starless
2412,        starless
2413,        starless
2414,        starless
2415,        starless
2416,        starless
2417,      prestellar
2418,        starless
2419,        starless
2420,        starless
2421,      prestellar
2422,        starless
2423,        starless
2424,        starless
2425,        starless
2426,      prestellar
2427,      prestellar
2428,        starless
2429,        starless
2430,        starless
2431,        starless
2432,      prestellar
2433,      prestellar
2434,        starless
2435,        starless
2436,        starless
2437,        starless
2438,        starless
2439,        starless
2440,        starless
2441,starless    
2442,starless    
2443,starless    
2444,starless    
2445,prestellar  
2446,prestellar  
2447,starless    
2448,prestellar  
2449,starless    
2450,prestellar  
2451,starless    
2452,starless    
2453,starless    
2454,prestellar  
2455,prestellar  
2456,prestellar  
2457,starless    
2458,starless    
2459,starless    
2460,starless    
2461,prestellar  
2462,starless    
2463,starless    
2464,starless    
2465,starless    
2466,starless    
2467,prestellar  
2468,starless    
2469,prestellar  
2470,prestellar  
2471,protostellar
2472,protostellar
2473,prestellar  
2474,prestellar  
2475,starless    
2476,starless    
2477,starless    
2478,prestellar  
2479,prestellar  
2480,starless    
2481,starless    
2482,starless    
2483,starless    
2484,starless    
2485,starless    
2486,starless    
2487,starless    
2488,prestellar  
2489,prestellar  
2490,prestellar  
2491,prestellar  
2492,starless    
2493,prestellar  
2494,starless    
2495,protostellar
2496,prestellar  
2497,prestellar  
2498,starless    
2499,starless    
2500,prestellar  
2501,prestellar  
2502,starless    
2503,prestellar  
2504,starless    
2505,prestellar  
2506,starless    
2507,starless    
2508,protostellar
2509,starless    
2510,prestellar  
2511,starless    
2512,prestellar  
2513,prestellar  
2514,prestellar  
2515,prestellar  
2516,starless    
2517,protostellar
2518,starless    
2519,protostellar
2520,prestellar  
2521,prestellar  
2522,prestellar  
2523,starless    
2524,prestellar  
2525,prestellar  
2526,prestellar  
2527,prestellar  
2528,starless    
2529,prestellar  
2530,prestellar  
2531,starless    
2532,protostellar
2533,prestellar  
2534,prestellar  
2535,prestellar  
2536,prestellar  
2537,starless    
2538,prestellar  
2539,starless    
2540,prestellar  
2541,starless    
2542,prestellar  
2543,starless    
2544,prestellar  
2545,starless    
2546,starless    
2547,prestellar  
2548,prestellar  
2549,starless    
2550,prestellar  
2551,prestellar  
2552,prestellar  
2553,starless    
2554,starless    
2555,prestellar  
2556,prestellar  
2557,prestellar  
2558,prestellar  
2559,starless    
2560,prestellar  
2561,prestellar  
2562,prestellar  
2563,prestellar  
2564,prestellar  
2565,prestellar  
2566,starless    
2567,prestellar  
2568,prestellar  
2569,prestellar  
2570,starless    
2571,prestellar  
2572,prestellar  
2573,starless    
2574,prestellar  
2575,protostellar
2576,prestellar  
2577,starless    
2578,starless    
2579,starless    
2580,prestellar  
2581,prestellar  
2582,prestellar  
2583,starless    
2584,prestellar  
2585,prestellar  
2586,prestellar  
2587,protostellar
2588,prestellar  
2589,prestellar  
2590,starless    
2591,protostellar
2592,prestellar  
2593,prestellar  
2594,starless    
2595,protostellar
2596,starless    
2597,protostellar
2598,prestellar  
2599,prestellar  
2600,protostellar
2601,starless    
2602,prestellar  
2603,protostellar
2604,prestellar  
2605,prestellar  
2606,prestellar  
2607,prestellar  
2608,prestellar  
2609,prestellar  
2610,prestellar  
2611,protostellar
2612,starless    
2613,starless    
2614,protostellar
2615,starless    
2616,prestellar  
2617,prestellar  
2618,starless    
2619,starless    
2620,prestellar  
2621,prestellar  
2622,prestellar  
2623,prestellar  
2624,starless    
2625,prestellar  
2626,starless    
2627,starless    
2628,prestellar  
2629,prestellar  
2630,starless    
2631,prestellar  
2632,prestellar  
2633,starless    
2634,prestellar  
2635,prestellar  
2636,protostellar
2637,prestellar  
2638,prestellar  
2639,prestellar  
2640,prestellar  
2641,prestellar  
2642,protostellar
2643,starless    
2644,prestellar  
2645,prestellar  
2646,starless    
2647,prestellar  
2648,starless    
2649,protostellar
2650,starless    
2651,prestellar  
2652,prestellar  
2653,prestellar  
2654,starless    
2655,starless    
2656,prestellar  
2657,prestellar  
2658,starless    
2659,prestellar  
2660,prestellar  
2661,prestellar  
2662,prestellar  
2663,prestellar  
2664,prestellar  
2665,prestellar  
2666,starless    
2667,prestellar  
2668,prestellar  
2669,starless    
2670,starless    
2671,prestellar  
2672,starless    
2673,starless    
2674,prestellar  
2675,prestellar  
2676,starless    
2677,prestellar  
2678,starless    
2679,prestellar  
2680,prestellar  
2681,prestellar  
2682,prestellar  
2683,prestellar  
2684,prestellar  
2685,prestellar  
2686,prestellar  
2687,prestellar  
2688,starless    
2689,starless    
2690,protostellar
2691,protostellar
2692,prestellar  
2693,prestellar  
2694,prestellar  
2695,prestellar  
2696,prestellar  
2697,prestellar  
2698,prestellar  
2699,prestellar  
2700,starless    
2701,prestellar  
2702,prestellar  
2703,prestellar  
2704,prestellar  
2705,prestellar  
2706,prestellar  
2707,prestellar  
2708,starless    
2709,prestellar  
2710,prestellar  
2711,protostellar
2712,prestellar  
2713,prestellar  
2714,starless    
2715,prestellar  
2716,prestellar  
2717,prestellar  
2718,prestellar  
2719,starless    
2720,prestellar  
2721,prestellar  
2722,prestellar  
2723,prestellar  
2724,prestellar  
2725,protostellar
2726,prestellar  
2727,prestellar  
2728,prestellar  
2729,protostellar
2730,protostellar
2731,prestellar  
2732,protostellar
2733,prestellar  
2734,prestellar  
2735,prestellar  
2736,prestellar  
2737,protostellar
2738,prestellar  
2739,protostellar
2740,prestellar  
2741,prestellar  
2742,prestellar  
2743,prestellar  
2744,prestellar  
2745,prestellar  
2746,starless    
2747,prestellar  
2748,starless    
2749,prestellar  
2750,starless    
2751,starless    
2752,prestellar  
2753,starless    
2754,starless    
2755,protostellar
2756,prestellar  
2757,prestellar  
2758,starless    
2759,prestellar  
2760,prestellar  
2761,protostellar
2762,prestellar  
2763,protostellar
2764,starless    
2765,starless    
2766,protostellar
2767,starless    
2768,prestellar  
2769,prestellar  
2770,prestellar  
2771,starless    
2772,prestellar  
2773,prestellar  
2774,prestellar  
2775,starless    
2776,prestellar  
2777,prestellar  
2778,starless    
2779,prestellar  
2780,prestellar  
2781,prestellar  
2782,protostellar
2783,prestellar  
2784,starless    
2785,prestellar  
2786,prestellar  
2787,protostellar
2788,prestellar  
2789,protostellar
2790,starless    
2791,protostellar
2792,prestellar  
2793,prestellar  
2794,starless    
2795,prestellar  
2796,prestellar  
2797,prestellar  
2798,prestellar  
2799,starless    
2800,starless    
2801,prestellar  
2802,protostellar
2803,prestellar  
2804,prestellar  
2805,starless    
2806,prestellar  
2807,starless    
2808,prestellar  
2809,starless    
2810,starless    
2811,prestellar  
2812,prestellar  
2813,prestellar  
2814,prestellar  
2815,prestellar  
2816,prestellar  
2817,prestellar  
2818,prestellar  
2819,starless    
2820,starless    
2821,prestellar  
2822,prestellar  
2823,prestellar  
2824,prestellar  
2825,protostellar
2826,prestellar  
2827,starless    
2828,protostellar
2829,prestellar  
2830,starless    
2831,prestellar  
2832,prestellar  
2833,starless    
2834,prestellar  
2835,prestellar  
2836,starless    
2837,prestellar  
2838,prestellar  
2839,prestellar  
2840,starless    
2841,prestellar  
2842,prestellar  
2843,prestellar  
2844,prestellar  
2845,prestellar  
2846,prestellar  
2847,prestellar  
2848,starless    
2849,prestellar  
2850,starless    
2851,protostellar
2852,protostellar
2853,prestellar  
2854,prestellar  
2855,prestellar  
2856,prestellar  
2857,prestellar  
2858,prestellar  
2859,starless    
2860,prestellar  
2861,prestellar  
2862,prestellar  
2863,starless    
2864,starless    
2865,prestellar  
2866,prestellar  
2867,starless    
2868,prestellar  
2869,starless    
2870,prestellar  
2871,protostellar
2872,prestellar  
2873,prestellar  
2874,prestellar  
2875,prestellar  
2876,prestellar  
2877,starless    
2878,prestellar  
2879,prestellar  
2880,prestellar  
2881,prestellar  
2882,prestellar  
2883,starless    
2884,prestellar  
2885,prestellar  
2886,starless    
2887,prestellar  
2888,starless    
2889,starless    
2890,starless    
2891,prestellar  
2892,starless    
2893,prestellar  
2894,starless    
2895,starless    
2896,prestellar  
2897,starless    
2898,prestellar  
2899,protostellar
2900,prestellar  
2901,starless    
2902,prestellar  
2903,prestellar  
2904,prestellar  
2905,prestellar  
2906,prestellar  
2907,starless    
2908,prestellar  
2909,prestellar  
2910,prestellar  
2911,prestellar  
2912,starless    
2913,prestellar  
2914,prestellar  
2915,starless    
2916,prestellar  
2917,prestellar  
2918,prestellar  
2919,prestellar  
2920,starless    
2921,prestellar  
2922,prestellar  
2923,prestellar  
2924,prestellar  
2925,starless    
2926,protostellar
2927,prestellar  
2928,starless    
2929,starless    
2930,prestellar  
2931,prestellar  
2932,starless    
2933,starless    
2934,prestellar  
2935,prestellar  
2936,prestellar  
2937,prestellar  
2938,prestellar  
2939,protostellar
2940,starless    
2941,prestellar  
2942,prestellar  
2943,prestellar  
2944,protostellar
2945,prestellar  
2946,prestellar  
2947,prestellar  
2948,prestellar  
2949,starless    
2950,prestellar  
2951,starless    
2952,prestellar  
2953,prestellar  
2954,prestellar  
2955,protostellar
2956,prestellar  
2957,prestellar  
2958,prestellar  
2959,prestellar  
2960,prestellar  
2961,prestellar  
2962,prestellar  
2963,prestellar  
2964,starless    
2965,prestellar  
2966,prestellar  
2967,prestellar  
2968,prestellar  
2969,prestellar  
2970,starless    
2971,prestellar  
2972,prestellar  
2973,prestellar  
2974,prestellar  
2975,prestellar  
2976,prestellar  
2977,prestellar  
2978,starless    
2979,prestellar  
2980,prestellar  
2981,protostellar
2982,prestellar  
2983,protostellar
2984,protostellar
2985,prestellar  
2986,prestellar  
2987,prestellar  
2988,prestellar  
2989,starless    
2990,prestellar  
2991,prestellar  
2992,prestellar  
2993,starless    
2994,prestellar  
2995,prestellar  
2996,prestellar  
2997,prestellar  
2998,prestellar  
2999,prestellar  
3000,prestellar  
3001,prestellar  
3002,prestellar  
3003,prestellar  
3004,prestellar  
3005,starless    
3006,prestellar  
3007,starless    
3008,starless    
3009,starless    
3010,starless    
3011,prestellar  
3012,prestellar  
3013,prestellar  
3014,prestellar  
3015,prestellar  
3016,starless    
3017,prestellar  
3018,prestellar  
3019,prestellar  
3020,protostellar
3021,starless    
3022,prestellar  
3023,prestellar  
3024,starless    
3025,prestellar  
3026,prestellar  
3027,prestellar  
3028,prestellar  
3029,starless    
3030,prestellar  
3031,starless    
3032,starless    
3033,prestellar  
3034,prestellar  
3035,protostellar
3036,prestellar  
3037,prestellar  
3038,prestellar  
3039,protostellar
3040,prestellar  
3041,starless    
3042,prestellar  
3043,starless    
3044,prestellar  
3045,prestellar  
3046,prestellar  
3047,starless    
3048,starless    
3049,prestellar  
3050,starless    
3051,prestellar  
3052,starless    
3053,starless    
3054,starless    
3055,starless    
3056,prestellar  
3057,prestellar  
3058,prestellar  
3059,prestellar  
3060,prestellar  
3061,starless    
3062,prestellar  
3063,prestellar  
3064,prestellar  
3065,prestellar  
3066,starless    
3067,prestellar  
3068,starless    
3069,starless    
3070,starless    
3071,protostellar
3072,starless    
3073,prestellar  
3074,prestellar  
3075,starless    
3076,prestellar  
3077,prestellar  
3078,starless    
3079,prestellar  
3080,prestellar  
3081,prestellar  
3082,prestellar  
3083,prestellar  
3084,prestellar  
3085,prestellar  
3086,starless    
3087,prestellar  
3088,prestellar  
3089,starless    
3090,prestellar  
3091,prestellar  
3092,protostellar
3093,prestellar  
3094,prestellar  
3095,prestellar  
3096,starless    
3097,prestellar  
3098,protostellar
3099,starless    
3100,prestellar  
3101,prestellar  
3102,prestellar  
3103,prestellar  
3104,prestellar  
3105,starless    
3106,prestellar  
3107,prestellar  
3108,prestellar  
3109,prestellar  
3110,prestellar  
3111,prestellar  
3112,prestellar  
3113,prestellar  
3114,starless    
3115,prestellar  
3116,prestellar  
3117,starless    
3118,starless    
3119,prestellar  
3120,prestellar  
3121,protostellar
3122,starless    
3123,prestellar  
3124,starless    
3125,prestellar  
3126,prestellar  
3127,prestellar  
3128,prestellar  
3129,starless    
3130,starless    
3131,prestellar  
3132,prestellar  
3133,protostellar
3134,prestellar  
3135,starless    
3136,prestellar  
3137,starless    
3138,prestellar  
3139,prestellar  
3140,prestellar  
3141,prestellar  
3142,prestellar  
3143,prestellar  
3144,starless    
3145,prestellar  
3146,prestellar  
3147,starless    
3148,starless    
3149,prestellar  
3150,starless    
3151,prestellar  
3152,starless    
3153,starless    
3154,starless    
3155,prestellar  
3156,prestellar  
3157,prestellar  
3158,prestellar  
3159,prestellar  
3160,prestellar  
3161,prestellar  
3162,prestellar  
3163,prestellar  
3164,prestellar  
3165,protostellar
3166,prestellar  
3167,protostellar
3168,prestellar  
3169,prestellar  
3170,prestellar  
3171,starless    
3172,protostellar
3173,protostellar
3174,protostellar
3175,starless    
3176,protostellar
3177,starless    
3178,prestellar  
3179,prestellar  
3180,starless    
3181,prestellar  
3182,starless    
3183,starless    
3184,prestellar  
3185,prestellar  
3186,starless    
3187,prestellar  
3188,prestellar  
3189,prestellar  
3190,1
3191,3
3192,3
3193,1
3194,1
3195,1
3196,1
3197,1
3198,1
3199,1
3200,3
3201,2
3202,1
3203,3
3204,1
3205,1
3206,1
3207,1
3208,1
3209,1
3210,1
3211,1
3212,1
3213,1
3214,1
3215,1
3216,1
3217,1
3218,1
3219,1
3220,2
3221,1
3222,1
3223,2
3224,1
3225,2
3226,2
3227,2
3228,2
3229,1
3230,1
3231,1
3232,1
3233,1
3234,1
3235,2
3236,2
3237,1
3238,2
3239,2
3240,1
3241,2
3242,1
3243,2
3244,1
3245,1
3246,2
3247,1
3248,1
3249,1
3250,2
3251,2
3252,1
3253,2
3254,2
3255,1
3256,1
3257,1
3258,1
3259,2
3260,1
3261,2
3262,1
3263,1
3264,1
3265,2
3266,1
3267,1
3268,2
3269,1
3270,1
3271,2
3272,2
3273,1
3274,1
3275,2
3276,1
3277,1
3278,2
3279,1
3280,2
3281,1
3282,2
3283,1
3284,1
3285,2
3286,2
3287,2
3288,1
3289,1
3290,2
3291,1
3292,2
3293,1
3294,2
3295,1
3296,2
3297,2
3298,2
3299,1
3300,2
3301,1
3302,2
3303,2
3304,2
3305,1
3306,1
3307,1
3308,1
3309,2
3310,2
3311,2
3312,2
3313,2
3314,1
3315,2
3316,1
3317,2
3318,1
3319,1
3320,2
3321,2
3322,1
3323,2
3324,2
3325,2
3326,2
3327,2
3328,2
3329,1
3330,2
3331,2
3332,1
3333,2
3334,2
3335,2
3336,1
3337,1
3338,2
3339,1
3340,1
3341,2
3342,1
3343,1
3344,1
3345,2
3346,2
3347,2
3348,2
3349,2
3350,2
3351,2
3352,2
3353,2
3354,2
3355,1
3356,2
3357,2
3358,2
3359,1
3360,2
3361,1
3362,1
3363,2
3364,1
3365,1
3366,2
3367,2
3368,2
3369,2
3370,1
3371,2
3372,2
3373,1
3374,1
3375,2
3376,2
3377,1
3378,2
3379,2
3380,2
3381,2
3382,3
3383,2
3384,2
3385,2
3386,2
3387,1
3388,1
3389,2
3390,1
3391,1
3392,1
3393,2
3394,1
3395,2
3396,2
3397,1
3398,3
3399,1
3400,2
3401,2
3402,2
3403,1
3404,1
3405,1
3406,2
3407,2
3408,1
3409,3
3410,2
3411,3
3412,2
3413,1
3414,2
3415,1
3416,2
3417,1
3418,2
3419,2
3420,1
3421,2
3422,1
3423,1
3424,1
3425,2
3426,1
3427,2
3428,1
3429,1
3430,2
3431,2
3432,2
3433,1
3434,2
3435,1
3436,2
3437,1
3438,2
3439,1
3440,2
3441,1
3442,1
3443,1
3444,2
3445,1
3446,1
3447,2
3448,2
3449,2
3450,1
3451,1
3452,2
3453,2
3454,2
3455,1
3456,1
3457,1
3458,2
3459,2
3460,2
3461,2
3462,3
3463,2
3464,1
3465,2
3466,2
3467,2
3468,2
3469,2
3470,2
3471,1
3472,2
3473,2
3474,1
3475,1
3476,1
3477,2
3478,2
3479,2
3480,2
3481,1
3482,2
3483,2
3484,1
3485,1
3486,1
3487,1
3488,1
3489,1
3490,1
3491,1
3492,2
3493,1
3494,2
3495,1
3496,1
3497,2
3498,1
3499,1
3500,2
3501,2
3502,2
3503,1
3504,1
3505,1
3506,1
3507,1
3508,2
3509,3
3510,1
3511,1
3512,2
3513,1
3514,2
3515,2
3516,2
3517,2
3518,2
3519,1
3520,1
3521,2
3522,1
3523,1
3524,2
3525,1
3526,1
3527,2
3528,1
3529,1
3530,2
3531,1
3532,2
3533,2
3534,1
3535,1
3536,1
3537,1
3538,1
3539,1
3540,2
3541,1
3542,1
3543,2
3544,1
3545,2
3546,1
3547,2
3548,1
3549,2
3550,1
3551,1
3552,2
3553,1
3554,2
3555,1
3556,1
3557,2
3558,2
3559,1
3560,1
3561,1
3562,2
3563,2
3564,1
3565,1
3566,1
3567,1
3568,2
3569,2
3570,2
3571,2
3572,2
3573,2
3574,1
3575,1
3576,1
3577,2
3578,2
3579,1
3580,2
3581,1
3582,1
3583,2
3584,2
3585,1
3586,2
3587,1
3588,1
3589,1
3590,2
3591,1
3592,2
3593,2
3594,2
3595,3
3596,1
3597,2
3598,2
3599,1
3600,2
3601,1
3602,1
3603,2
3604,1
3605,2
3606,1
3607,1
3608,2
3609,1
3610,1
3611,1
3612,1
3613,2
3614,1
3615,1
3616,1
3617,3
3618,2
3619,2
3620,2
3621,2
3622,2
3623,2
3624,1
3625,2
3626,2
3627,2
3628,1
3629,2
3630,2
3631,1
3632,2
3633,2
3634,1
3635,2
3636,1
3637,2
3638,1
3639,1
3640,1
3641,1
3642,2
3643,1
3644,1
3645,2
3646,2
3647,2
3648,1
3649,1
3650,2
3651,2
3652,2
3653,1
3654,1
3655,2
3656,2
3657,1
3658,1
3659,1
3660,1
3661,1
3662,2
3663,2
3664,1
3665,2
3666,1
3667,2
3668,1
3669,1
3670,1
3671,1
3672,2
3673,2
3674,2
3675,1
3676,1
3677,1
3678,1
3679,2
3680,1
3681,1
3682,1
3683,1
3684,2
3685,1
3686,1
3687,1
3688,2
3689,1
3690,2
3691,1
3692,1
3693,1
3694,2
3695,2
3696,1
3697,1
3698,1
3699,2
3700,2
3701,1
3702,1
3703,2
3704,1
3705,1
3706,1
3707,2
3708,2
3709,1
3710,1
3711,1
3712,2
3713,2
3714,1
3715,1
3716,1
3717,1
3718,1
3719,1
3720,1
3721,1
3722,1
3723,1
3724,3
3725,1
3726,2
3727,2
3728,2
3729,2
3730,1
3731,2
3732,1
3733,2
3734,1
3735,1
3736,2
3737,2
3738,1
3739,1
3740,1
3741,1
3742,2
3743,2
3744,1
3745,2
3746,2
3747,2
3748,2
3749,2
3750,1
3751,2
3752,1
3753,1
3754,1
3755,1
3756,2
3757,1
3758,2
3759,2
3760,1
3761,1
3762,1
3763,2
3764,1
3765,2
3766,2
3767,1
3768,2
3769,2
3770,1
3771,2
3772,2
3773,2
3774,2
3775,2
3776,2
3777,1
3778,1
3779,2
3780,1
3781,1
3782,3
3783,1
3784,1
3785,1
3786,1
3787,1
3788,2
3789,1
3790,2
3791,2
3792,2
3793,2
3794,1
3795,1
3796,2
3797,2
3798,1
3799,1
3800,1
3801,1
3802,2
3803,2
3804,1
3805,2
3806,2
3807,1
3808,2
3809,2
3810,2
3811,2
3812,2
3813,2
3814,1
3815,1
3816,2
3817,1
3818,2
3819,2
3820,1
3821,1
3822,1
3823,1
3824,1
3825,1
3826,1
3827,2
3828,2
3829,1
3830,1
3831,1
3832,1
3833,1
3834,1
3835,1
3836,3
3837,2
3838,1
3839,2
3840,1
3841,2
3842,2
3843,2
3844,1
3845,3
3846,1
3847,2
3848,2
3849,2
3850,2
3851,1
3852,1
3853,2
3854,2
3855,1
3856,1
3857,1
3858,2
3859,1
3860,1
3861,2
3862,2
3863,2
3864,2
3865,2
3866,1
3867,2
3868,1
3869,1
3870,2
3871,1
3872,2
3873,1
3874,2
3875,1
3876,1
3877,2
3878,1
3879,1
3880,1
3881,2
3882,1
3883,2
3884,2
3885,1
3886,1
3887,1
3888,2
3889,1
3890,2
3891,1
3892,1
3893,2
3894,2
3895,1
3896,1
3897,1
3898,1
3899,2
3900,2
3901,1
3902,1
3903,2
3904,1
3905,1
3906,2
3907,2
3908,1
3909,1
3910,2
3911,2
3912,2
3913,2
3914,2
3915,1
3916,1
3917,2
3918,2
3919,1
3920,1
3921,2
3922,1
3923,1
3924,1
3925,1
3926,1
3927,1
3928,1
3929,2
3930,1
3931,1
3932,2
3933,1
3934,2
3935,1
3936,2
3937,2
3938,2
3939,1
3940,1
3941,2
3942,1
3943,1
3944,2
3945,2
3946,2
3947,3
3948,2
3949,2
3950,3
3951,1
3952,1
3953,1
3954,1
3955,1
3956,1
3957,1
3958,2
3959,1
3960,2
3961,1
3962,1
3963,1
3964,3
3965,2
3966,1
3967,2
3968,2
3969,1
3970,1
3971,2
3972,2
3973,1
3974,2
3975,2
3976,2
3977,1
3978,1
3979,1
3980,1
3981,2
3982,1
3983,2
3984,1
3985,1
3986,2
3987,2
3988,1
3989,1
3990,2
3991,2
3992,1
3993,2
3994,2
3995,2
3996,2
3997,1
3998,2
3999,1
4000,3
4001,1
4002,1
4003,1
4004,2
4005,1
4006,1
4007,1
4008,1
4009,2
4010,2
4011,1
4012,2
4013,1
4014,1
4015,2
4016,2
4017,1
4018,2
4019,2
4020,2
4021,2
4022,1
4023,3
4024,2
4025,1
4026,1
4027,2
4028,1
4029,1
4030,2
4031,1
4032,2
4033,1
4034,2
4035,2
4036,2
4037,1
4038,1
4039,1
4040,2
4041,2
4042,2
4043,2
4044,1
4045,1
4046,2
4047,1
4048,2
4049,2
4050,1
4051,1
4052,1
4053,2
4054,1
4055,3
4056,1
4057,1
4058,2
4059,1
4060,1
4061,2
4062,2
4063,1
4064,2
4065,1
4066,2
4067,1
4068,1
4069,1
4070,1
4071,1
4072,2
4073,2
4074,1
4075,1
4076,1
4077,1
4078,1
4079,1
4080,2
4081,1
4082,2
4083,2
4084,1
4085,1
4086,1
4087,1
4088,2
4089,1
4090,2
4091,3
4092,2
4093,1
4094,1
4095,2
4096,3
4097,1
4098,1
4099,1
4100,2
4101,1
4102,1
4103,2
4104,1
4105,1
4106,2
4107,1
4108,1
4109,2
4110,2
4111,2
4112,1
4113,2
4114,2
4115,2
4116,2
4117,2
4118,1
4119,1
4120,2
4121,2
4122,1
4123,2
4124,2
4125,1
4126,2
4127,1
4128,2
4129,1
4130,2
4131,2
4132,2
4133,1
4134,1
4135,2
4136,1
4137,2
4138,2
4139,1
4140,2
4141,2
4142,1
4143,2
4144,1
4145,1
4146,2
4147,1
4148,2
4149,2
4150,1
4151,2
4152,2
4153,2
4154,1
4155,1
4156,2
4157,1
4158,2
4159,2
4160,2
4161,1
4162,3
4163,2
4164,1
4165,2
4166,1
4167,1
4168,1
4169,1
4170,1
4171,2
4172,1
4173,1
4174,2
4175,1
4176,2
4177,2
4178,2
4179,2
4180,2
4181,1
4182,2
4183,2
4184,2
4185,1
4186,2
4187,1
4188,1
4189,1
4190,1
4191,2
4192,1
4193,2
4194,2
4195,1
4196,2
4197,1
4198,2
4199,2
4200,2
4201,1
4202,1
4203,3
4204,2
4205,3
4206,1
4207,2
4208,1
4209,2
4210,3
4211,1
4212,1
4213,3
4214,3
4215,3
4216,1
4217,1
4218,1
4219,1
4220,1
4221,3
4222,1
4223,1
4224,2
4225,1
4226,2
4227,2
4228,3
4229,1
4230,3
4231,1
4232,1
4233,1
4234,1
4235,2
4236,1
4237,2
4238,1
4239,2
4240,1
4241,2
4242,2
4243,1
4244,1
4245,2
4246,2
4247,3
4248,2
4249,1
4250,2
4251,2
4252,2
4253,2
4254,1
4255,2
4256,1
4257,1
4258,2
4259,2
4260,2
4261,2
4262,2
4263,2
4264,1
4265,1
4266,1
4267,2
4268,1
4269,1
4270,1
4271,2
4272,2
4273,3
4274,1
4275,2
4276,1
4277,1
4278,2
4279,2
4280,3
4281,2
4282,2
4283,2
4284,3
4285,1
4286,1
4287,2
4288,1
4289,2
4290,1
4291,1
4292,2
4293,1
4294,2
4295,2
4296,1
4297,3
4298,1
4299,2
4300,3
4301,2
4302,2
4303,2
4304,2
4305,2
4306,2
4307,2
4308,2
4309,2
4310,1
4311,2
4312,2
4313,2
4314,2
4315,1
4316,1
4317,2
4318,3
4319,1
4320,1
4321,2
4322,2
4323,1
4324,3
4325,2
4326,2
4327,2
4328,1
4329,2
4330,2
4331,1
4332,1
4333,1
4334,1
4335,1
4336,2
4337,2
4338,1
4339,1
4340,1
4341,3
4342,2
4343,1
4344,1
4345,1
4346,1
4347,2
4348,1
4349,1
4350,1
4351,2
4352,2
4353,2
4354,2
4355,2
4356,2
4357,3
4358,2
4359,2
4360,1
4361,2
4362,2
4363,2
4364,2
4365,1
4366,2
4367,2
4368,1
4369,2
4370,1
4371,1
4372,1
4373,1
4374,2
4375,1
4376,2
4377,1
4378,2
4379,2
4380,2
4381,2
4382,1
4383,2
4384,2
4385,2
4386,1
4387,1
4388,2
4389,1
4390,2
4391,3
4392,1
4393,1
4394,2
4395,1
4396,2
4397,2
4398,1
4399,2
4400,1
4401,1
4402,1
4403,2
4404,2
4405,2
4406,3
4407,1
4408,1
4409,1
4410,2
4411,1
4412,2
4413,1
4414,1
4415,1
4416,2
4417,2
4418,1
4419,2
4420,2
4421,2
4422,1
4423,3
4424,2
4425,2
4426,2
4427,1
4428,1
4429,2
4430,3
4431,2
4432,2
4433,3
4434,1
4435,1
4436,2
4437,2
4438,1
4439,2
4440,2
4441,1
4442,1
4443,1
4444,2
4445,1
4446,2
4447,3
4448,1
4449,1
4450,2
4451,1
4452,2
4453,1
4454,2
4455,1
4456,1
4457,2
4458,3
4459,2
4460,1
4461,1
4462,2
4463,1
4464,2
4465,2
4466,1
4467,3
4468,2
4469,2
4470,1
4471,3
4472,1
4473,2
4474,3
4475,2
4476,1
4477,1
4478,2
4479,1
4480,2
4481,2
4482,2
4483,1
4484,1
4485,2
4486,1
4487,2
4488,1
4489,1
4490,2
4491,1
4492,2
4493,1
4494,2
4495,2
4496,2
4497,1
4498,2
4499,1
4500,1
4501,3
4502,1
4503,2
4504,2
4505,2
4506,2
4507,2
4508,2
4509,1
4510,1
4511,2
4512,2
4513,1
4514,1
4515,1
4516,1
4517,1
4518,2
4519,1
4520,2
4521,2
4522,1
4523,2
4524,1
4525,2
4526,1
4527,3
4528,2
4529,1
4530,1
4531,1
4532,2
4533,2
4534,2
4535,2
4536,2
4537,2
4538,2
4539,1
4540,2
4541,2
4542,1
4543,2
4544,2
4545,1
4546,2
4547,1
4548,2
4549,3
4550,1
4551,2
4552,2
4553,1
4554,1
4555,2
4556,1
4557,1
4558,2
4559,2
4560,2
4561,2
4562,2
4563,2
4564,2
4565,1
4566,1
4567,1
4568,2
4569,2
4570,1
4571,1
4572,1
4573,2
4574,2
4575,2
4576,1
4577,2
4578,1
4579,1
4580,2
4581,1
4582,2
4583,2
4584,2
4585,1
4586,2
4587,1
4588,3
4589,1
4590,2
4591,2
4592,1
4593,1
4594,2
4595,1
4596,1
4597,1
4598,2
4599,1
4600,2
4601,2
4602,2
4603,1
4604,1
4605,2
4606,1
4607,2
4608,2
4609,2
4610,1
4611,1
4612,1
4613,2
4614,1
4615,1
4616,2
4617,1
4618,1
4619,2
4620,1
4621,2
4622,2
4623,1
4624,2
4625,1
4626,2
4627,2
4628,1
4629,2
4630,1
4631,2
4632,2
4633,1
4634,2
4635,1
4636,1
4637,1
4638,2
4639,2
4640,2
4641,1
4642,2
4643,3
4644,1
4645,1
4646,2
4647,2
4648,2
4649,2
4650,2
4651,2
4652,2
4653,1
4654,1
4655,2
4656,1
4657,1
4658,1
4659,1
4660,1
4661,2
4662,1
4663,1
4664,1
4665,2
4666,1
4667,1
4668,2
4669,3
4670,1
4671,1
4672,1
4673,1
4674,1
4675,1
4676,1
4677,2
4678,1
4679,1
4680,2
4681,2
4682,2
4683,2
4684,1
4685,1
4686,1
4687,1
4688,1
4689,1
4690,1
4691,1
4692,1
4693,1
4694,1
4695,2
4696,1
4697,2
4698,1
4699,1
4700,1
4701,2
4702,1
4703,2
4704,2
4705,1
4706,1
4707,1
4708,1
4709,1
4710,1
4711,1
4712,1
4713,1
4714,2
4715,1
4716,1
4717,2
4718,2
4719,2
4720,1
4721,1
4722,2
4723,1
4724,2
4725,1
4726,2
4727,1
4728,1
4729,2
4730,2
4731,1
4732,1
4733,2
4734,1
4735,1
4736,1
4737,2
4738,1
4739,1
4740,2
4741,2
4742,1
4743,1
4744,2
4745,1
4746,1
4747,2
4748,2
4749,1
4750,1
4751,2
4752,2
4753,2
4754,1
4755,1
4756,1
4757,1
4758,2
4759,2
4760,2
4761,1
4762,1
4763,2
4764,1
4765,1
4766,1
4767,1
4768,2
4769,1
4770,1
4771,1
4772,1
4773,1
4774,1
4775,2
4776,1
4777,1
4778,2
4779,1
4780,3
4781,1
4782,1
4783,1
4784,1
4785,1
4786,1
4787,1
4788,2
4789,1
4790,1
4791,1
4792,1
4793,1
4794,1
4795,2
4796,1
4797,1
4798,2
4799,1
4800,1
4801,2
4802,1
4803,1
4804,1
4805,1
4806,1
4807,1
4808,1
4809,1
4810,1
4811,1
4812,1
4813,1
4814,1
4815,1
4816,1
4817,2
4818,1
4819,3
4820,1
4821,1
4822,2
4823,1
4824,1
4825,1
4826,2
4827,1
4828,2
4829,2
4830,1
4831,2
4832,3
4833,2
4834,1
4835,2
4836,1
4837,2
4838,1
4839,1
4840,1
4841,2
4842,1
4843,1
4844,1
4845,1
4846,1
4847,3
4848,1
4849,1
4850,2
4851,2
4852,1
4853,2
4854,2
4855,2
4856,1
4857,2
4858,2
4859,2
4860,2
4861,1
4862,2
4863,1
4864,1
4865,1
4866,1
4867,1
4868,2
4869,1
4870,2
4871,2
4872,2
4873,1
4874,1
4875,1
4876,2
4877,1
4878,1
4879,1
4880,1
4881,1
4882,1
4883,1
4884,2
4885,1
4886,1
4887,1
4888,2
4889,1
4890,2
4891,1
4892,1
4893,1
4894,1
4895,1
4896,1
4897,1
4898,1
4899,1
4900,1
4901,2
4902,1
4903,1
4904,1
4905,1
4906,1
4907,1
4908,2
4909,2
4910,1
4911,2
4912,1
4913,1
4914,1
4915,1
4916,1
4917,1
4918,1
4919,3
4920,3
4921,1
4922,2
4923,1
4924,1
4925,1
4926,1
4927,2
4928,1
4929,1
4930,1
4931,1
4932,2
4933,2
4934,2
4935,3
4936,1
4937,2
4938,1
4939,3
4940,1
4941,1
4942,2
4943,1
4944,2
4945,3
4946,3
4947,1
4948,1
4949,1
4950,2
4951,1
4952,2
4953,1
4954,1
4955,1
4956,1
4957,2
4958,3
4959,2
4960,1
4961,2
4962,1
4963,3
4964,2
4965,1
4966,3
4967,1
4968,2
4969,2
4970,2
4971,2
4972,1
4973,1
4974,1
4975,1
4976,1
4977,2
4978,1
4979,2
4980,2
4981,1
4982,2
4983,2
4984,1
4985,2
4986,2
4987,2
4988,1
4989,2
4990,2
4991,1
4992,2
4993,3
4994,1
4995,1
4996,2
4997,2
4998,2
4999,1
5000,2
5001,1
5002,1
5003,1
5004,2
5005,1
5006,1
5007,3
5008,1
5009,1
5010,1
5011,2
5012,3
5013,1
5014,2
5015,2
5016,2
5017,1
5018,1
5019,1
5020,1
5021,2
5022,1
5023,1
5024,1
5025,1
5026,1
5027,1
5028,1
5029,2
5030,1
5031,1
5032,1
5033,1
5034,0
5035,0
5036,0
5037,0
5038,0
5039,0
5040,0
5041,0
5042,0
5043,0
5044,0
5045,0
5046,0
5047,0
5048,0
5049,0
5050,0
5051,0
5052,0
5053,0
5054,0
5055,0
5056,0
5057,0
5058,0
5059,0
